user_id,ensemble_risk_score,risk_label,isolation_forest_score,lstm_reconstruction_error,trade_volume_spike,bot_like_timing,large_withdraw_after_dormancy,high_freq_small_deposits,kyc_change_before_withdraw,consistent_profit_bursts,ip_change_rate,deposit_withdraw_ratio,login_hour_deviation,pnl_volatility,unique_ips,trade_volume_zscore,session_duration_zscore,margin_usage_zscore
92,1.0,high,0.683565,1.0,True,True,False,False,False,False,3.037,0.0,0.5095,55.9307,92,4.7818,0.7089,0.7915
423,0.771231,high,1.0,0.062011,False,False,False,False,False,False,3.9995,0.0,1.0578,46.2244,118,4.3549,1.032,0.3469
474,0.743883,medium,0.904208,0.150309,False,False,False,False,False,False,3.4684,0.0,0.7903,299.9162,102,-0.417,1.3919,-0.5004
410,0.663695,medium,0.83949,0.084979,False,False,False,False,False,False,0.0,0.0,-1.0634,177.6288,1,1.2457,-0.543,3.1154
45,0.634216,medium,0.831871,0.036701,False,True,False,True,False,False,0.0,0.0,-0.5773,56.5767,1,0.2899,-1.4394,1.8417
147,0.630444,medium,0.817565,0.05052,False,True,False,False,False,False,2.8905,0.0,-0.7461,44.768,85,2.7552,-0.8801,3.6844
166,0.593827,medium,0.735305,0.099748,False,False,False,True,False,False,3.3936,0.0,-1.1169,258.8142,100,-0.3849,0.4866,-0.4016
12,0.575218,medium,0.750692,0.038978,False,False,False,False,False,False,0.0,0.0,-0.6396,63.7973,1,0.3771,0.6196,3.496
160,0.563957,medium,0.747204,0.021403,False,False,False,True,False,False,4.0486,0.0,-0.4596,49.2205,118,0.438,0.8757,0.8725
402,0.544822,medium,0.71599,0.029469,False,True,False,False,False,True,0.0,0.0,-0.7611,48.4854,1,-0.9408,1.0681,-0.8819
382,0.543834,medium,0.693484,0.061226,False,False,False,False,False,False,0.0,0.0,0.4121,180.3435,1,-0.6245,1.8371,-0.539
358,0.541736,medium,0.683775,0.071541,False,True,False,False,False,False,0.0,0.0,-1.0993,203.3726,1,-0.3134,-0.5825,-0.4288
178,0.539139,medium,0.716412,0.017326,False,False,False,False,False,False,0.0,0.0,-0.6094,38.8687,1,-0.3662,-0.7942,0.5656
370,0.538138,medium,0.705679,0.031397,False,False,False,False,False,False,0.0,0.0,-0.6089,45.0213,1,-0.9132,-1.0923,-0.6673
406,0.528533,medium,0.695303,0.027509,False,True,False,False,False,False,0.0,0.0,0.9351,39.9939,1,-0.0925,-0.9537,2.0744
65,0.525319,medium,0.676746,0.048834,False,False,False,False,False,False,3.5014,0.0,0.6257,52.042,104,2.6949,-1.6933,1.9899
261,0.522224,medium,0.679842,0.037923,False,True,False,True,False,False,0.0,0.0,-0.8771,128.3529,1,0.2522,0.6175,1.2016
193,0.51825,medium,0.677664,0.033141,False,False,False,True,False,False,0.0,0.0,-1.8599,36.8866,1,1.6876,-1.1407,1.1788
30,0.508618,medium,0.650855,0.053846,False,False,False,False,False,False,0.0,0.0,1.5862,45.523,1,1.6237,1.1644,3.2241
426,0.505851,medium,0.642482,0.060801,False,False,False,False,False,False,3.452,0.0,1.3162,181.29,100,-0.4952,-0.4598,-0.783
188,0.503703,medium,0.651592,0.042786,False,True,False,False,False,False,2.6981,0.0,-0.1564,48.9579,81,-0.8593,1.3183,-0.2858
439,0.501222,medium,0.627296,0.074204,False,True,False,False,False,False,2.2226,0.0,-1.1966,36.1947,67,0.6474,-1.218,0.5834
352,0.499337,low,0.653456,0.031146,False,False,False,False,False,False,0.0,0.0,1.4858,56.8763,1,-0.095,-0.7131,-0.6736
228,0.497374,low,0.650685,0.031328,False,True,False,False,False,True,0.0,0.0,-0.4551,45.8447,1,0.5513,-0.926,1.9434
78,0.497163,low,0.650526,0.031139,False,True,False,True,False,False,0.0,0.0,-0.1633,56.3391,1,1.6626,-1.5166,1.7453
264,0.491692,low,0.638999,0.037348,False,True,False,False,False,False,0.0,0.0,-1.3763,36.0016,1,-0.8079,0.0574,-0.9074
201,0.489438,low,0.641897,0.028437,False,False,False,True,False,False,3.9305,0.0,-1.3972,49.4562,115,-0.8077,-1.2695,-0.6065
399,0.488029,low,0.646606,0.01852,False,True,False,True,False,False,0.0,0.0,-1.3083,71.1858,1,-0.8719,-0.506,-0.4312
323,0.483822,low,0.625886,0.041079,False,True,False,False,False,False,2.5468,0.0,1.3606,47.0819,76,1.1488,0.3099,2.6773
56,0.483174,low,0.646863,0.0083,False,True,False,True,False,True,0.0,0.0,-0.5046,58.6875,1,-0.3167,0.6018,-0.4742
461,0.482398,low,0.622516,0.043249,False,True,False,True,False,False,0.0,0.0,0.8201,45.1958,1,3.8715,-1.6277,-0.3402
31,0.476652,low,0.619913,0.035516,False,False,False,False,False,False,0.0,0.0,-0.0552,51.6883,1,-0.7436,0.4318,-0.5983
15,0.47539,low,0.613039,0.043271,False,True,False,True,False,False,3.5679,0.0,-0.1732,41.8374,106,2.8173,1.3953,2.1564
499,0.473757,low,0.612945,0.040105,False,False,False,False,False,False,0.0,0.0,-2.1213,50.4313,1,0.8642,0.9492,0.6247
246,0.472499,low,0.607088,0.046343,False,True,False,True,False,False,3.7892,0.0,0.2306,164.9304,114,1.1701,0.5827,-0.4859
57,0.472014,low,0.628957,0.012557,False,False,False,True,False,False,3.2227,0.0,-0.1509,55.9306,94,-0.7324,-0.2369,-0.4879
475,0.469708,low,0.614433,0.029673,False,True,False,False,False,False,0.0,0.0,-0.7475,56.309,1,-1.0474,-0.4657,-0.6637
146,0.462413,low,0.598722,0.038465,False,True,False,True,False,False,3.0776,0.0,-1.226,63.8153,91,2.7162,-0.1395,3.228
180,0.462286,low,0.573584,0.075913,False,True,False,False,False,False,0.0,0.0,0.8246,52.0353,1,3.7116,1.6181,4.101
131,0.461713,low,0.610784,0.018954,False,True,False,True,False,False,0.0,0.0,-0.8755,48.6112,1,-1.1226,-0.9671,-0.8609
328,0.460644,low,0.608916,0.019591,False,False,False,False,False,False,0.0,0.0,-0.3724,48.9487,1,-0.6534,0.8694,-0.3874
483,0.456154,low,0.601069,0.022266,False,False,False,False,False,False,0.0,0.0,-0.8809,49.8923,1,-0.317,1.0592,-0.1355
340,0.455161,low,0.589512,0.037592,False,True,False,True,False,False,3.511,0.0,0.5608,58.6599,105,4.0332,-0.6295,1.2645
318,0.454533,low,0.595979,0.026619,False,False,False,False,False,False,0.0,0.0,-1.3786,55.4084,1,0.6188,-1.122,0.6736
121,0.450979,low,0.587348,0.032367,False,False,False,False,False,False,0.0,0.0,-1.3532,58.2862,1,-0.4396,1.3526,-0.8051
113,0.443605,low,0.581272,0.026547,False,False,False,False,False,False,0.0,0.0,-0.2481,46.7123,1,-0.2989,-0.0434,-0.6681
234,0.442896,low,0.590511,0.011252,False,True,False,False,False,True,3.2649,0.0,1.6365,48.6434,95,-0.2422,1.3886,-0.4662
480,0.442589,low,0.573071,0.036791,False,False,False,False,False,False,0.0,0.0,-1.9073,46.0467,1,-0.8218,-0.7741,-0.529
463,0.439384,low,0.581662,0.017412,False,False,False,False,False,False,3.2893,0.0,-0.5439,54.5567,96,-0.4922,-0.4031,-0.5877
2,0.438854,low,0.57493,0.026437,False,True,False,True,False,False,0.0,0.0,-0.1615,41.9956,1,2.5524,-1.0255,0.2851
400,0.438494,low,0.568641,0.035142,False,True,False,False,False,False,2.8991,0.0,1.6173,42.5508,86,0.4605,1.7216,2.0181
299,0.438158,low,0.564878,0.040105,False,False,False,False,False,False,2.772,0.0,1.4108,55.9953,81,0.8097,0.4131,-0.5263
3,0.434541,low,0.570808,0.023884,False,True,False,False,False,False,2.5661,0.0,-1.0134,48.006,77,-0.4979,-1.3956,0.2488
288,0.433531,low,0.558672,0.040042,False,True,False,False,False,False,0.0,0.0,0.7334,31.9098,1,-0.8902,-1.4095,-0.6971
72,0.431571,low,0.562756,0.029948,False,True,False,True,False,False,3.2325,0.0,-1.0182,37.1618,96,0.2433,-0.9676,1.9299
156,0.431077,low,0.567318,0.022103,False,False,False,True,False,False,3.1801,0.0,-0.0061,53.5617,93,-0.8414,-1.1059,-0.4799
371,0.429161,low,0.565809,0.020486,False,True,False,False,False,False,2.5606,0.0,-0.6454,47.9548,76,0.0565,-0.2518,-0.2983
10,0.428183,low,0.565454,0.019038,False,True,False,True,False,False,0.0,0.0,1.3731,55.1145,1,0.337,1.5361,-0.4961
285,0.426975,low,0.565736,0.016169,False,True,False,True,False,False,4.0941,0.0,-1.2647,58.5957,123,0.0429,0.2586,-0.654
482,0.424077,low,0.558568,0.021052,False,True,False,False,False,False,0.0,0.0,2.0745,51.4595,1,-0.4356,-0.5678,-0.7478
349,0.423084,low,0.55842,0.019263,False,True,False,False,False,False,0.0,0.0,1.7168,55.3853,1,-0.3313,1.0634,-0.7348
255,0.421649,low,0.539877,0.044171,False,True,False,True,False,False,0.0,0.0,-0.8617,45.9847,1,3.0756,0.678,2.8812
321,0.420346,low,0.549354,0.027315,False,False,False,True,False,False,3.7241,0.0,1.0254,40.8389,110,-1.0927,-1.2646,-0.8085
245,0.419418,low,0.531268,0.052566,False,False,False,False,False,False,3.2077,0.0,-1.4963,193.0954,92,-0.3603,0.3725,0.542
339,0.415443,low,0.549275,0.017503,False,True,False,True,False,False,2.7351,0.0,-1.5915,62.0369,82,-0.9011,1.8293,-0.7927
24,0.414699,low,0.546215,0.020587,False,True,False,True,False,False,4.0907,0.0,-0.2598,45.4728,120,-0.9678,-1.1147,-0.6288
284,0.413315,low,0.526461,0.047415,False,True,False,False,False,False,0.0,0.0,1.9396,42.6306,1,1.762,1.2832,3.6969
47,0.409651,low,0.541196,0.017891,False,True,False,True,False,False,3.9979,0.0,0.9924,42.638,120,-0.5361,-1.1409,-0.5504
127,0.408648,low,0.526442,0.037992,False,True,False,False,False,False,0.0,0.0,0.552,55.334,1,1.7623,1.5885,2.1564
215,0.408155,low,0.527153,0.035926,False,False,False,False,False,False,0.0,0.0,-1.596,48.7597,1,1.8161,-0.5563,1.2745
247,0.404735,low,0.495186,0.076951,False,False,False,False,False,False,3.1053,0.0,1.3203,222.7405,92,-0.8897,1.2285,-0.7799
134,0.399194,low,0.517727,0.031916,False,True,False,False,False,False,3.1127,0.0,0.8953,54.8121,93,-0.3746,1.4179,-0.5644
294,0.399118,low,0.525919,0.019474,False,True,False,True,False,False,0.0,0.0,-1.2485,59.1214,1,-0.5948,-0.5789,-0.6398
398,0.395344,low,0.517932,0.023811,False,True,False,False,False,False,4.2236,0.0,-1.3919,52.037,126,-0.5319,1.0956,0.1922
500,0.392692,low,0.510813,0.029119,False,True,False,False,False,True,3.2755,0.0,1.3874,38.0692,97,1.251,1.016,1.7597
326,0.390314,low,0.508032,0.028473,False,True,False,True,False,False,3.2109,0.0,0.8019,49.1059,97,2.3498,-0.9667,-0.4643
401,0.38827,low,0.515671,0.012875,False,True,False,True,False,False,0.0,0.0,0.2604,56.013,1,0.0063,1.685,-0.5075
249,0.38819,low,0.514306,0.01476,False,False,False,True,False,False,3.4924,0.0,0.1303,43.8486,101,-0.3432,0.7602,-0.6172
427,0.387897,low,0.520871,0.004319,False,True,False,True,False,True,3.1912,0.0,0.3096,58.3081,94,-0.6989,-1.162,-0.3851
4,0.384625,low,0.503956,0.023066,False,True,False,False,False,False,0.0,0.0,-0.949,54.0915,1,0.445,-1.7674,0.488
262,0.384261,low,0.502186,0.024984,False,True,False,False,False,False,3.4531,0.0,0.9382,54.4043,103,-0.1583,0.0089,-0.7215
420,0.38351,low,0.499,0.028242,False,True,False,False,False,False,0.0,0.0,-0.2146,56.7118,1,1.221,1.5748,-0.1877
177,0.383399,low,0.504808,0.019304,False,True,False,False,False,False,3.0146,0.0,-1.6167,45.0608,91,0.3429,-0.7882,-0.666
89,0.380301,low,0.491645,0.032775,False,False,False,False,False,False,2.9362,0.0,-1.0967,48.8037,86,1.3819,-0.7392,1.1854
58,0.380012,low,0.498303,0.022201,False,False,False,True,False,False,3.5223,0.0,1.5014,51.1164,103,-0.0753,1.844,0.0219
429,0.377424,low,0.499892,0.014576,False,False,False,False,False,False,3.6913,0.0,0.8421,52.4665,107,-0.7106,-0.0986,-0.4997
227,0.375627,low,0.492022,0.022742,False,True,False,False,False,False,0.0,0.0,-1.8249,42.6607,1,0.7561,-0.5996,0.8218
431,0.374633,low,0.492833,0.019512,False,False,False,False,False,False,4.0322,0.0,-0.4678,49.6422,119,-0.8862,-1.2333,-0.6924
94,0.373362,low,0.472462,0.047494,False,True,False,False,False,False,0.0,0.0,-1.2724,39.5179,1,2.2559,-1.4753,-0.7678
369,0.373053,low,0.487334,0.02456,False,False,False,False,False,False,2.7073,0.0,0.7464,54.825,80,-0.3991,1.2585,-0.1224
167,0.372915,low,0.498323,0.007798,False,True,False,True,False,False,0.0,0.0,-0.5326,50.3826,1,-0.4369,0.9216,-0.3944
142,0.37248,low,0.486834,0.024151,False,True,False,False,False,False,0.0,0.0,-0.104,38.8585,1,0.699,-0.3636,1.2378
435,0.371086,low,0.481589,0.029195,False,False,False,False,False,False,0.0,0.0,1.0168,54.5805,1,-1.0871,0.0299,-0.8917
357,0.369252,low,0.480634,0.026912,False,True,False,False,False,False,0.0,0.0,1.0791,121.7722,1,-1.3673,0.1673,-0.8589
322,0.369196,low,0.471262,0.040857,False,False,False,False,False,False,2.9187,0.0,-0.1323,52.7623,86,2.4787,0.4896,2.7567
203,0.367951,low,0.482057,0.022143,False,False,False,False,False,False,2.9481,0.0,-0.6314,40.0561,85,-0.3383,1.2383,-0.8314
149,0.366922,low,0.483127,0.018454,False,True,False,False,False,False,0.0,0.0,0.5287,36.4926,1,-0.4867,-0.3259,-0.7245
346,0.366622,low,0.485989,0.013553,False,True,False,False,False,False,3.3852,0.0,0.5898,52.2556,102,0.7583,0.6503,1.228
91,0.365268,low,0.482661,0.015803,False,True,False,False,False,False,0.0,0.0,1.2841,46.5756,1,0.567,1.426,0.2843
207,0.364133,low,0.476476,0.022782,False,True,False,False,False,False,2.7015,0.0,-1.8497,56.0691,79,-0.853,0.6724,-0.5595
259,0.363083,low,0.481751,0.012743,False,True,False,True,False,False,0.0,0.0,-1.3839,51.84,1,-0.4266,-0.1979,0.1379
140,0.361898,low,0.469848,0.028197,False,True,False,False,False,False,0.0,0.0,0.8584,110.6896,1,0.3355,0.1902,0.8514
85,0.36116,low,0.477402,0.015372,False,True,False,True,False,False,0.0,0.0,-0.1017,51.706,1,1.5047,0.9424,0.1207
196,0.359454,low,0.47554,0.01471,False,True,False,False,False,False,0.0,0.0,-0.7019,51.8399,1,1.0049,-0.268,0.5728
274,0.357192,low,0.470523,0.017653,False,True,False,True,False,False,0.0,0.0,1.2264,40.0899,1,-1.0398,1.1773,-0.6962
32,0.356969,low,0.464332,0.026489,False,True,False,False,False,False,0.0,0.0,-1.2736,38.5983,1,-0.1914,-0.3406,-0.3517
450,0.355653,low,0.433969,0.069368,False,True,False,False,False,False,3.3759,0.0,-0.7821,204.5018,102,-0.8477,-1.1919,-0.8619
419,0.355414,low,0.470463,0.014143,False,True,False,False,False,False,3.4433,0.0,-0.9586,46.7586,103,-0.8692,-1.5505,-0.5901
269,0.355104,low,0.465602,0.020805,False,True,False,False,False,False,0.0,0.0,-0.1315,45.3616,1,-0.8431,1.5978,-0.811
98,0.351894,low,0.455727,0.029117,False,False,False,False,False,False,3.561,0.0,1.3808,39.5364,105,-0.9085,-0.8162,-0.4906
303,0.351169,low,0.451498,0.033992,False,True,False,False,False,True,3.2142,0.0,-0.7496,38.3415,95,0.1531,-1.4316,0.3443
44,0.350967,low,0.466375,0.011268,False,True,False,True,False,False,0.0,0.0,-0.4154,66.2907,1,-0.1829,0.738,-0.3294
216,0.350648,low,0.463399,0.015086,False,True,False,True,False,False,3.744,0.0,0.8271,102.9122,112,-0.7531,0.4247,-0.6601
209,0.349802,low,0.459775,0.018809,False,False,False,False,False,False,3.7032,0.0,0.3854,45.2852,106,0.9017,1.6065,0.9463
99,0.348992,low,0.459639,0.017372,False,True,False,False,False,False,0.0,0.0,1.5866,56.9192,1,0.3386,0.619,0.8199
20,0.347239,low,0.446341,0.033768,False,False,False,False,False,False,3.3762,0.0,1.1829,61.7231,99,1.4088,-0.8217,3.085
107,0.347162,low,0.464023,0.00709,False,True,False,False,False,False,3.5537,0.0,0.0291,38.4851,105,-0.4365,1.5496,-0.636
195,0.34705,low,0.45074,0.026786,False,True,False,False,False,False,0.0,0.0,-0.1852,49.9894,1,2.9384,-0.1063,0.5518
458,0.345825,low,0.455574,0.017054,False,True,False,False,False,False,3.6707,0.0,-1.6446,47.8125,111,-0.9471,-0.6088,-0.7846
491,0.345274,low,0.451553,0.02197,False,False,False,False,False,False,3.6593,0.0,-0.388,45.0332,100,-1.2929,0.7457,-0.8261
11,0.345206,low,0.452572,0.020304,False,True,False,True,False,False,3.5761,0.0,-1.561,48.8935,107,0.0454,1.0836,-0.5412
276,0.344531,low,0.394834,0.105544,False,True,False,False,False,False,2.9751,0.0,0.9992,270.1756,89,-0.07,0.0172,1.1882
176,0.343465,low,0.451688,0.018104,False,True,False,True,False,False,0.0,0.0,-0.8619,52.6275,1,1.22,0.7843,0.5454
187,0.342632,low,0.444127,0.027758,False,False,False,False,False,False,0.0,0.0,1.6363,51.1408,1,-0.4998,-1.2103,-0.4884
311,0.342204,low,0.447981,0.02111,False,True,False,True,False,False,0.0,0.0,0.9651,40.9216,1,-0.69,0.8263,-0.5659
119,0.341604,low,0.453991,0.010881,False,True,False,True,False,False,0.0,0.0,0.84,45.0646,1,-0.1177,-0.4791,0.7289
59,0.337629,low,0.44175,0.021191,False,True,False,False,False,False,2.7507,0.0,1.2745,39.7944,83,-0.9348,-1.558,-0.8161
145,0.336614,low,0.421035,0.050207,False,False,False,False,False,False,3.4098,0.0,0.1812,37.6435,100,-0.8308,1.3142,-0.6965
462,0.336095,low,0.436066,0.026611,False,True,False,False,False,False,0.0,0.0,0.6324,51.7615,1,0.7265,1.3994,0.2854
408,0.335061,low,0.442255,0.015233,False,True,False,True,False,False,3.8164,0.0,-0.7087,50.0633,113,-0.7413,-0.8072,-0.5318
175,0.335056,low,0.447367,0.007555,False,True,False,False,False,False,0.0,0.0,-0.5082,47.1183,1,0.609,0.273,-0.3055
454,0.3329,low,0.421694,0.041697,False,True,False,False,False,False,3.5698,0.0,0.8781,57.748,105,2.1688,-0.7936,3.481
438,0.33241,low,0.43505,0.020671,False,True,False,False,False,False,3.3156,0.0,-0.3086,39.5351,100,2.5771,1.6267,-0.4464
189,0.33188,low,0.429498,0.027926,False,True,False,False,False,False,3.3442,0.0,-1.3917,151.0171,100,-0.7246,0.1811,-0.6234
373,0.329445,low,0.433413,0.017122,False,True,False,False,False,False,0.0,0.0,1.4707,46.5065,1,-0.6403,-1.216,-0.4086
441,0.328948,low,0.432414,0.017613,False,False,False,False,False,False,3.6887,0.0,-0.1559,42.4563,108,-0.8399,-1.0424,-0.5089
258,0.328622,low,0.430005,0.020567,False,False,False,False,False,False,0.0,0.0,0.4103,52.2044,1,-0.9161,1.5905,-0.6677
452,0.328318,low,0.427634,0.023507,False,True,False,False,False,False,0.0,0.0,0.5162,64.9954,1,-0.2507,-0.2715,0.0225
332,0.328294,low,0.432496,0.016166,False,True,False,True,False,False,0.0,0.0,-0.4221,48.3663,1,-0.9092,1.2317,-0.4686
43,0.325433,low,0.41132,0.042135,False,True,False,False,False,False,0.0,0.0,1.0376,43.9269,1,2.2396,1.1916,3.1463
403,0.325239,low,0.430515,0.01295,False,True,False,True,False,False,3.7931,0.0,0.7343,50.0432,114,-0.7969,-1.1939,-0.5954
286,0.325072,low,0.428858,0.015097,False,True,False,True,False,False,3.5157,0.0,-1.3319,46.754,106,0.8414,0.1702,1.7745
28,0.323664,low,0.421159,0.023793,False,False,False,False,False,False,3.4559,0.0,-0.8047,41.9073,100,-0.8762,1.5998,-0.7657
466,0.322734,low,0.426586,0.013769,False,True,False,True,False,False,3.0207,0.0,-1.9932,50.4934,89,-0.7413,-0.3124,-0.6014
70,0.322633,low,0.428091,0.011308,False,True,False,False,False,False,3.7127,0.0,0.8126,92.0288,111,-0.3007,-0.3139,-0.7574
287,0.322331,low,0.423544,0.017517,False,True,False,True,False,False,2.7787,0.0,0.902,44.3474,83,-0.6201,-1.2368,-0.7422
355,0.321676,low,0.423825,0.015768,False,True,False,False,False,False,3.883,0.0,1.2378,45.3079,117,-0.8121,0.4598,-0.7932
46,0.32167,low,0.412951,0.032067,False,True,False,True,False,False,3.4278,0.0,-0.8797,50.3042,103,2.3071,-0.6589,2.7602
218,0.320881,low,0.416951,0.02447,False,False,False,False,False,False,0.0,0.0,1.1475,63.7051,1,-1.0676,-1.3029,-0.5905
232,0.320682,low,0.418143,0.022277,False,False,False,False,False,False,0.0,0.0,-0.6412,54.9461,1,-0.9623,0.4697,-0.5025
1,0.317662,low,0.419019,0.014848,False,True,False,True,False,False,0.0,0.0,0.6612,39.2452,1,-0.8748,-0.9535,-0.799
163,0.317429,low,0.422382,0.009332,False,True,False,True,False,False,4.0252,0.0,0.0377,38.6291,117,-0.3312,-0.1654,-0.2484
389,0.317336,low,0.419223,0.013881,False,True,False,False,False,False,2.9055,0.0,0.3595,54.9228,87,-0.421,0.6952,-0.7767
63,0.316962,low,0.41597,0.018003,False,True,False,False,False,False,0.0,0.0,-1.7591,48.632,1,-0.3507,0.658,-0.6186
21,0.314786,low,0.413937,0.016645,False,True,False,False,False,False,0.0,0.0,-0.0569,53.0577,1,-0.6584,0.2343,-0.7069
223,0.314116,low,0.410121,0.021013,False,True,False,False,False,False,0.0,0.0,-1.5196,58.9344,1,-0.6538,0.1882,-0.7204
490,0.31397,low,0.410472,0.020191,False,True,False,False,False,False,0.0,0.0,1.3967,52.2534,1,0.7815,1.3988,0.0005
359,0.313432,low,0.418714,0.006737,False,True,False,False,False,False,0.0,0.0,0.2401,47.6276,1,0.258,-0.0847,-0.4786
341,0.312565,low,0.407264,0.022157,False,True,False,True,False,False,3.0169,0.0,0.2451,23.1275,90,-0.8476,-1.3808,-1.0224
161,0.312455,low,0.405664,0.024334,False,False,False,False,False,False,0.0,0.0,-1.4709,35.9153,1,0.4703,0.6459,-0.7082
173,0.310987,low,0.414412,0.008238,False,True,False,True,False,False,3.3224,0.0,1.0294,49.7851,99,-0.12,1.6393,-0.0005
275,0.310138,low,0.404471,0.021431,False,True,False,False,False,False,0.0,0.0,1.3075,51.2442,1,-0.7649,-0.083,-0.4797
40,0.310002,low,0.402112,0.024693,False,True,False,False,False,False,3.9113,0.0,-0.0496,49.442,117,0.9734,1.0664,-0.6535
214,0.308833,low,0.402677,0.021479,False,True,False,True,False,False,3.96,0.0,-1.603,46.6193,117,1.5042,-1.0284,0.2114
424,0.307917,low,0.404005,0.017632,False,True,False,False,False,False,0.0,0.0,1.1201,61.492,1,1.5698,-0.27,0.1717
308,0.307824,low,0.407082,0.012828,False,True,False,True,False,False,3.3813,0.0,-0.9736,50.2935,101,-1.2961,-1.3415,-0.7083
304,0.307201,low,0.401372,0.02013,False,True,False,False,False,False,3.1991,0.0,-0.0189,140.9751,96,0.3393,-1.6569,0.335
87,0.307058,low,0.399126,0.02321,False,False,False,False,False,False,0.0,0.0,-0.3855,56.1134,1,0.3374,-1.5145,0.2814
235,0.306804,low,0.409791,0.006698,False,True,False,True,False,False,3.6929,0.0,0.7477,50.2808,111,-0.3222,0.5824,0.2809
53,0.306393,low,0.402068,0.017451,False,True,False,False,False,False,0.0,0.0,1.3138,57.0318,1,1.146,-0.7158,1.1683
79,0.305417,low,0.396673,0.023567,False,False,False,False,False,False,3.647,0.0,-0.7294,61.5454,98,-0.25,0.2391,-0.4716
278,0.304078,low,0.396892,0.020525,False,False,False,False,False,False,3.6273,0.0,1.6674,49.1876,106,-0.4354,1.1496,0.3013
301,0.304,low,0.397824,0.018969,False,True,False,True,False,False,0.0,0.0,1.6697,40.0163,1,-0.6809,-0.739,-0.4147
168,0.302281,low,0.394262,0.020832,False,True,False,False,False,False,0.0,0.0,-1.5751,38.776,1,-1.0668,0.4582,-0.4243
104,0.302029,low,0.391006,0.025204,False,True,False,False,False,False,3.9226,0.0,1.4789,51.3954,116,-0.0607,-0.5442,-0.705
118,0.301801,low,0.399573,0.011892,False,True,False,False,False,False,3.7975,0.0,0.712,55.7763,114,-0.7768,1.5514,-0.6227
251,0.301214,low,0.401233,0.008214,False,True,False,False,False,False,0.0,0.0,0.6735,55.2606,1,-0.2102,-0.0405,-0.1973
171,0.301185,low,0.397067,0.014404,False,True,False,True,False,False,0.0,0.0,-0.3379,51.2638,1,-0.3794,1.3087,-0.1263
496,0.301017,low,0.386956,0.02923,False,False,False,False,False,False,3.7096,0.0,-0.4306,44.6545,106,0.429,-1.2376,2.7192
6,0.300736,low,0.397489,0.012862,False,False,False,False,False,False,3.6204,0.0,0.587,57.0435,105,0.4349,1.0351,1.3309
375,0.300698,low,0.381766,0.036369,False,False,False,False,False,False,3.2736,0.0,0.2493,54.1869,92,0.7251,-1.0439,2.9273
117,0.298574,low,0.393299,0.014767,False,True,False,True,False,False,0.0,0.0,1.2409,53.8765,1,-0.9567,-1.03,-0.8246
86,0.297818,low,0.39205,0.01511,False,True,False,False,False,False,0.0,0.0,1.2474,47.5101,1,-0.611,0.0938,-0.5872
291,0.296834,low,0.394088,0.010059,False,True,False,False,False,False,0.0,0.0,-0.8137,49.7025,1,-0.2037,-0.4857,-0.0964
325,0.296467,low,0.387716,0.018874,False,False,False,False,False,False,3.1153,0.0,-1.5014,43.791,91,-0.1633,1.6876,-0.3267
433,0.29631,low,0.396848,0.004859,False,True,False,True,False,False,3.4167,0.0,0.2797,56.4577,101,-0.5378,-1.2938,0.0877
343,0.295319,low,0.380318,0.027646,False,True,False,False,False,False,3.5285,0.0,1.4694,100.4846,106,1.2427,-0.2497,2.2843
381,0.294216,low,0.375543,0.032575,False,False,False,False,False,False,3.7593,0.0,-1.5525,50.6856,107,-1.1561,-1.424,-0.776
22,0.294042,low,0.38072,0.024457,False,True,False,False,False,False,3.9594,0.0,-1.2216,43.7533,118,1.1528,-1.182,-0.9808
143,0.292903,low,0.370324,0.037744,False,True,False,False,False,False,3.3628,0.0,-1.3547,46.7022,101,2.055,-1.6128,2.9958
336,0.292801,low,0.378946,0.024605,False,False,False,False,False,False,3.0295,0.0,1.6144,37.566,90,-0.5425,1.4861,-0.0257
34,0.292782,low,0.379254,0.024105,False,True,False,False,False,False,3.9471,0.0,-1.3652,52.7708,117,0.2864,0.2088,1.4985
54,0.291998,low,0.381152,0.01967,False,True,False,False,False,False,3.2488,0.0,-1.183,55.0244,95,-0.182,-1.321,-0.8267
84,0.290225,low,0.376283,0.023381,False,True,False,False,False,False,0.0,0.0,-0.6805,44.8514,1,1.6329,1.5374,-0.4005
67,0.289502,low,0.380078,0.016226,False,True,False,False,False,False,0.0,0.0,-1.2686,38.8381,1,-0.94,-0.676,-0.5519
453,0.288955,low,0.385631,0.006787,False,True,False,True,False,False,3.3668,0.0,1.2402,41.6854,101,-0.4086,1.4325,-0.6853
35,0.288382,low,0.376755,0.018942,False,False,False,False,False,False,3.7196,0.0,-1.3257,69.383,110,-0.2796,-1.311,0.1605
52,0.287691,low,0.382223,0.00934,False,True,False,False,False,False,0.0,0.0,0.8749,49.0883,1,-0.5941,1.0978,-0.6044
324,0.287334,low,0.377158,0.016215,False,True,False,False,False,False,3.9042,0.0,0.7888,48.0311,117,0.4906,0.1677,0.444
270,0.286463,low,0.372751,0.021061,False,True,False,False,False,False,0.0,0.0,-0.9588,49.2858,1,-0.1158,-0.2189,-0.268
64,0.284991,low,0.369141,0.023495,False,False,False,False,False,False,3.0209,0.0,0.8079,52.1744,88,-0.3391,-0.7568,0.5317
493,0.282287,low,0.364425,0.025092,False,True,False,False,False,False,2.8253,0.0,-1.0973,35.2517,83,1.9938,0.5428,-0.4945
448,0.280895,low,0.354138,0.037702,False,True,False,False,False,False,3.741,0.0,0.0713,47.6477,111,3.4154,0.8228,1.5087
396,0.280812,low,0.369247,0.014871,False,True,False,True,False,False,3.0852,0.0,-0.6011,47.6243,93,-0.1424,1.2514,-0.1735
277,0.279254,low,0.368461,0.012894,False,False,False,False,False,False,3.0463,0.0,-0.288,52.8505,89,0.2603,-0.2155,0.5748
297,0.278813,low,0.326856,0.074409,False,True,False,False,False,False,3.1838,0.0,-0.4595,235.529,95,-0.4107,1.4051,-0.3025
273,0.277494,low,0.36674,0.011912,False,True,False,True,False,False,2.8524,0.0,-0.4517,50.0307,86,0.5146,0.7137,1.995
487,0.277185,low,0.362953,0.016967,False,False,False,False,False,False,3.2615,0.0,-0.5888,51.0639,96,-0.4351,-1.0368,0.0964
51,0.274856,low,0.352639,0.027721,False,False,False,False,False,False,3.2764,0.0,0.2582,51.1763,96,3.0423,-0.3877,-0.2652
152,0.273221,low,0.357841,0.016606,False,True,False,False,False,False,3.1843,0.0,1.4992,43.0018,95,-1.1499,-1.7732,-0.5845
437,0.272505,low,0.355547,0.018596,False,True,False,False,False,False,0.0,0.0,1.3869,51.3639,1,1.2301,0.5977,0.5008
477,0.272343,low,0.357479,0.015371,False,True,False,False,False,False,2.7591,0.0,1.3574,55.0953,81,-1.0529,0.9374,-0.7546
244,0.272326,low,0.366158,0.002318,False,True,False,True,False,False,3.3645,0.0,-0.2301,39.3408,100,0.4075,-0.382,0.1377
279,0.271682,low,0.356871,0.014943,False,False,False,False,False,False,3.43,0.0,1.3273,47.7478,101,-0.2446,-1.3723,-0.1437
61,0.270826,low,0.354836,0.016263,False,True,False,False,False,False,0.0,0.0,-0.5171,45.9244,1,-0.7737,0.5531,-0.6351
267,0.270139,low,0.359014,0.008605,False,True,False,True,False,False,0.0,0.0,-1.359,51.9638,1,-0.6287,0.004,-0.1296
307,0.269854,low,0.354705,0.014491,False,False,False,False,False,False,0.0,0.0,0.4531,65.5585,1,-0.8175,0.2922,-0.5617
327,0.269134,low,0.347487,0.02386,False,False,False,False,False,False,3.333,0.0,0.5001,47.7014,98,1.7183,-1.6818,-0.4597
313,0.26832,low,0.349307,0.019481,False,True,False,False,False,False,0.0,0.0,1.127,47.6542,1,-0.6041,0.6306,-0.7015
360,0.267678,low,0.347907,0.020281,False,True,False,False,False,False,3.9759,0.0,0.1341,52.1529,117,1.5468,1.3456,-0.6311
5,0.267516,low,0.344115,0.02564,False,True,False,False,False,False,0.0,0.0,-0.0687,59.5791,1,-1.0551,0.8203,-0.784
155,0.267006,low,0.351529,0.013486,False,True,False,False,False,False,3.1223,0.0,0.6505,61.9437,93,0.2887,1.1309,1.9817
386,0.266172,low,0.345086,0.021462,False,True,False,False,False,False,3.5278,0.0,1.6819,47.7847,106,-0.7078,-1.6262,-0.6249
256,0.265184,low,0.346284,0.017664,False,True,False,False,False,False,2.9231,0.0,1.123,55.5138,88,-1.3314,-0.3914,-1.09
115,0.264235,low,0.34239,0.021582,False,False,False,False,False,False,3.6675,0.0,-0.1429,45.6333,108,0.8249,0.5782,0.6377
494,0.264155,low,0.340824,0.023769,False,False,False,False,False,False,3.319,0.0,-1.0367,109.5751,98,-0.276,-0.3016,-0.7073
253,0.262766,low,0.349957,0.007257,False,True,False,True,False,False,0.0,0.0,-0.7186,48.665,1,-0.0678,0.0217,-0.803
158,0.261784,low,0.343521,0.014923,False,True,False,True,False,False,3.7592,0.0,-0.4377,59.5834,112,-0.4137,-1.673,-0.4183
413,0.261347,low,0.347528,0.008027,False,True,False,True,False,False,0.0,0.0,0.0861,48.2343,1,0.6111,-0.0815,-0.2641
183,0.261174,low,0.341813,0.016248,False,False,False,False,False,False,3.7944,0.0,0.4103,56.1468,109,0.2547,-0.5224,1.2684
204,0.260108,low,0.334209,0.025496,False,True,False,False,False,False,3.1233,0.0,0.9952,45.1657,94,-0.9972,-1.1099,-0.6148
430,0.259683,low,0.327538,0.034642,False,True,False,False,False,False,0.0,0.0,1.4935,43.961,1,1.6563,0.4886,3.2148
388,0.259299,low,0.337313,0.019202,False,True,False,False,False,False,0.0,0.0,1.0554,53.1552,1,-0.8234,-1.4408,-0.5895
366,0.25758,low,0.333297,0.021744,False,True,False,False,False,False,2.9699,0.0,0.6027,76.5215,89,0.4197,-0.0565,0.8728
440,0.257279,low,0.332409,0.022466,False,True,False,False,False,False,0.0,0.0,-1.5931,47.3134,1,1.8741,-0.0522,0.3179
314,0.254953,low,0.333022,0.016835,False,False,False,False,False,False,3.2829,0.0,0.8052,40.8793,97,-0.5876,0.0236,-0.7443
348,0.25493,low,0.332903,0.016968,False,True,False,False,False,False,0.0,0.0,1.0039,48.0948,1,0.2805,-1.2695,-0.3042
418,0.254924,low,0.33336,0.016269,False,False,False,False,False,False,3.1935,0.0,-0.9858,53.458,93,-0.4827,1.5592,-0.4786
282,0.254788,low,0.32707,0.02543,False,True,False,False,False,False,3.7792,0.0,-1.3204,61.0181,111,-1.032,-0.1681,-0.7288
111,0.254222,low,0.331738,0.01728,False,True,False,True,False,False,0.0,0.0,-0.408,52.0933,1,-0.8237,1.5724,-0.8234
132,0.253508,low,0.331207,0.016631,False,True,False,False,False,False,0.0,0.0,1.7407,49.284,1,-0.8261,-0.0812,-0.5055
110,0.253433,low,0.329973,0.018331,False,True,False,True,False,False,3.4736,0.0,-1.6581,34.749,105,2.0649,-0.6795,0.7134
16,0.253017,low,0.333696,0.011904,False,True,False,False,False,False,0.0,0.0,1.5261,51.4928,1,0.5136,-0.379,-0.6192
226,0.252779,low,0.333245,0.012097,False,True,False,True,False,False,3.4108,0.0,-1.067,56.9204,103,-0.7728,0.2018,-0.7422
484,0.252434,low,0.335024,0.008731,False,True,False,True,False,False,0.0,0.0,0.9936,54.7303,1,-0.564,1.2511,-0.2025
497,0.252299,low,0.327947,0.019072,False,True,False,False,False,False,0.0,0.0,-0.791,55.9734,1,-0.9093,-0.6896,-0.5812
212,0.249646,low,0.327549,0.014297,False,True,False,True,False,False,3.3185,0.0,-1.4298,47.0369,99,-0.6214,0.5594,-0.5522
239,0.249644,low,0.328275,0.013204,False,True,False,False,False,False,3.0438,0.0,1.2292,41.1238,91,-0.7418,1.291,-0.4703
66,0.248974,low,0.323817,0.018534,False,True,False,False,False,False,3.0843,0.0,-0.2641,49.2155,93,0.6203,-0.0131,1.1752
298,0.24809,low,0.32147,0.020264,False,True,False,True,False,False,3.5532,0.0,-0.3228,41.6413,107,-0.1765,1.0295,0.391
100,0.247224,low,0.325904,0.011858,False,True,False,False,False,False,3.85,0.0,0.1742,50.9859,115,-0.6524,1.7124,-0.5228
447,0.246572,low,0.324093,0.013255,False,False,False,False,False,False,3.6533,0.0,1.3753,57.5409,103,-0.1092,-0.4401,1.0261
69,0.245998,low,0.327851,0.006455,False,True,False,False,False,False,3.529,0.0,1.0945,37.4661,106,-0.7671,1.248,-0.7443
151,0.244911,low,0.321324,0.014044,False,True,False,True,False,False,0.0,0.0,-0.3909,59.3483,1,-0.6177,-1.2909,-0.6478
179,0.244897,low,0.319974,0.01604,False,True,False,False,False,False,3.507,0.0,1.3957,63.1513,106,-0.284,1.7778,-0.5004
281,0.244035,low,0.323165,0.009508,False,True,False,False,False,False,3.4891,0.0,-1.4888,45.4712,102,-1.1098,0.9356,-0.8294
9,0.242978,low,0.319979,0.012146,False,True,False,False,False,False,3.3381,0.0,0.045,49.7138,99,0.888,-0.9116,0.0853
329,0.241841,low,0.321407,0.007701,False,True,False,True,False,False,3.8947,0.0,-0.4816,49.6114,116,-0.3316,-0.0415,-0.1361
409,0.241176,low,0.315325,0.015477,False,True,False,False,False,False,0.0,0.0,-1.1868,51.5832,1,-0.0834,-0.8284,-0.0055
425,0.240205,low,0.313413,0.01638,False,False,False,False,False,False,3.5297,0.0,1.3922,54.8809,102,-0.9215,1.2999,-0.5443
169,0.239936,low,0.317054,0.010372,False,True,False,False,False,False,2.9513,0.0,1.1147,62.9712,88,-0.626,-0.6724,-0.5103
312,0.239746,low,0.318821,0.007338,False,True,False,False,False,False,2.8938,0.0,-1.4918,42.2857,86,-1.0178,-0.3617,-0.7913
48,0.239154,low,0.312446,0.0157,False,False,False,False,False,False,3.1221,0.0,-0.4055,35.9381,90,-0.7283,-0.3559,-0.6593
74,0.237197,low,0.308843,0.017142,False,True,False,False,False,False,3.6498,0.0,-0.6878,41.8991,110,1.0438,1.6005,1.8776
243,0.236672,low,0.298369,0.03179,False,True,False,False,False,False,3.1356,0.0,-1.7443,42.4512,92,2.0149,0.3132,1.6333
139,0.236317,low,0.310277,0.013209,False,True,False,False,False,False,3.2964,0.0,1.3946,45.1239,96,-0.1349,0.7267,0.5595
365,0.23618,low,0.310742,0.012234,False,True,False,False,False,False,0.0,0.0,-0.4319,74.9586,1,-0.4088,0.4119,0.3282
385,0.234594,low,0.305282,0.017212,False,True,False,False,False,False,2.8817,0.0,1.0232,45.6691,86,-0.0741,-1.0499,-0.3412
233,0.23413,low,0.295272,0.031287,False,True,False,False,False,False,3.5602,0.0,1.1214,55.5219,107,1.0081,-1.6848,3.1958
347,0.233995,low,0.307482,0.012699,False,True,False,False,False,False,0.0,0.0,-0.6413,44.2341,1,0.1057,-0.3103,-0.6075
103,0.233843,low,0.313312,0.003646,False,True,False,False,False,False,3.4568,0.0,0.8787,45.4519,100,-0.6693,0.0364,-0.8395
101,0.233556,low,0.302401,0.019431,False,True,False,False,False,False,3.7803,0.0,0.3124,56.3408,114,-0.2671,0.6294,-0.5626
55,0.232406,low,0.30474,0.013593,False,True,False,True,False,False,3.8797,0.0,0.851,45.8862,116,-0.8873,0.837,-0.6713
263,0.232134,low,0.305027,0.012612,False,False,False,False,False,False,3.4008,0.0,1.4216,45.2873,101,-0.4182,0.0984,-0.2253
342,0.231243,low,0.302972,0.013889,False,True,False,False,False,False,3.7137,0.0,0.9731,40.8102,112,-0.7908,-1.487,-0.3787
181,0.230633,low,0.306655,0.007129,False,True,False,True,False,False,0.0,0.0,0.7552,46.2663,1,-0.7009,0.7775,-0.3899
231,0.230408,low,0.30495,0.009231,False,True,False,True,False,False,0.0,0.0,-1.19,52.557,1,-0.6769,0.6865,-0.652
7,0.229697,low,0.28507,0.037612,False,False,False,False,False,False,3.5716,0.0,0.2663,42.4646,104,1.4539,0.2086,3.4622
344,0.226099,low,0.294875,0.015617,False,True,False,False,False,False,3.5681,0.0,0.2933,49.4762,107,-0.4423,1.5981,-0.614
473,0.225939,low,0.300486,0.006876,False,True,False,False,False,False,3.4413,0.0,0.3653,50.9463,102,-0.0749,-0.4856,0.7444
361,0.225833,low,0.296294,0.012949,False,True,False,False,False,False,0.0,0.0,-0.1792,52.4374,1,-0.2963,0.83,-0.2223
471,0.224915,low,0.294462,0.013839,False,True,False,False,False,False,0.0,0.0,1.5475,47.4489,1,0.0773,1.4264,-0.5881
380,0.22465,low,0.301662,0.002501,False,True,False,True,False,False,3.2205,0.0,0.4054,69.7047,97,-0.4583,-0.7527,-0.5362
377,0.223773,low,0.294742,0.011105,False,True,False,False,False,False,3.039,0.0,0.1508,66.5856,90,-0.7238,1.7117,-1.1907
165,0.223323,low,0.283399,0.027209,False,True,False,False,False,False,3.2422,0.0,1.2968,56.065,97,0.1035,-0.0091,-0.8866
446,0.222877,low,0.292297,0.012957,False,True,False,False,False,False,3.8572,0.0,1.3084,52.3419,114,-0.151,1.367,-0.6665
224,0.222675,low,0.296109,0.00683,False,True,False,False,False,False,3.3437,0.0,1.187,53.4864,101,-0.9528,-0.1238,-0.5035
126,0.222564,low,0.291816,0.013045,False,True,False,False,False,False,0.0,0.0,1.506,41.6094,1,-0.4293,-0.6424,-0.6996
333,0.222209,low,0.290069,0.014946,False,True,False,False,False,False,2.7334,0.0,-1.2689,42.0383,82,0.8446,0.0009,1.0199
252,0.22198,low,0.291292,0.012649,False,True,False,False,False,False,2.7229,0.0,0.1736,58.8047,82,-0.7346,-0.2771,-0.2996
432,0.221544,low,0.291561,0.011362,False,True,False,False,False,False,0.0,0.0,0.0072,48.7526,1,-0.6789,0.9602,-0.4955
362,0.221166,low,0.290172,0.012679,False,True,False,True,False,False,3.0906,0.0,0.6787,58.3244,93,-0.8446,-1.5678,-0.6829
302,0.221013,low,0.2864,0.018029,False,True,False,False,False,False,0.0,0.0,-0.3952,51.7269,1,-0.3587,0.9546,-0.2909
112,0.220861,low,0.284515,0.020548,False,False,False,False,False,False,3.1364,0.0,-1.1105,34.0507,89,0.1384,-0.9512,-0.6366
412,0.220586,low,0.289486,0.012534,False,True,False,False,False,False,3.8316,0.0,1.5137,44.235,114,-0.4186,0.4417,-0.5136
197,0.219941,low,0.291981,0.007485,False,True,False,False,False,False,3.6592,0.0,1.6632,54.0392,109,0.1415,-0.8556,-0.0968
391,0.218702,low,0.285573,0.014588,False,False,False,False,False,False,3.4163,0.0,-0.7383,54.1244,101,-0.2612,0.5918,0.4159
305,0.217851,low,0.28515,0.013499,False,True,False,False,False,False,0.0,0.0,-0.6736,43.183,1,-0.8561,-1.4201,-0.6212
109,0.216285,low,0.283689,0.012518,False,True,False,False,False,False,3.1459,0.0,-0.9943,44.385,93,0.3836,0.0581,1.8704
296,0.215256,low,0.278183,0.018694,False,False,False,False,False,False,3.6867,0.0,1.4577,42.0136,108,0.8485,1.3477,0.3013
368,0.215054,low,0.282329,0.012065,False,True,False,False,False,False,0.0,0.0,-0.3039,48.9699,1,-0.2571,-0.3322,1.8397
260,0.214442,low,0.267598,0.032922,False,False,False,False,False,False,3.2831,0.0,-0.8905,39.7865,96,-0.4196,0.1753,-0.201
96,0.214435,low,0.280341,0.013793,False,True,False,False,False,False,0.0,0.0,1.3616,64.099,1,-0.4543,1.3125,-0.4949
242,0.21401,low,0.280845,0.012178,False,True,False,False,False,False,2.8298,0.0,-1.1606,38.7345,83,0.3603,0.4837,-0.3494
335,0.213015,low,0.283172,0.006671,False,True,False,False,False,False,0.0,0.0,0.1486,65.2023,1,-0.7323,-0.1781,-0.4534
95,0.212782,low,0.273021,0.021425,False,True,False,False,False,False,3.2465,0.0,-1.4034,54.6218,96,2.3995,-0.8866,0.6885
404,0.212226,low,0.275566,0.016483,False,True,False,False,False,False,3.4441,0.0,-0.7011,106.7956,103,-0.5034,1.4286,0.0418
310,0.210963,low,0.273973,0.016313,False,True,False,False,False,False,3.2337,0.0,1.0077,40.0997,97,-0.6885,-0.5416,-0.676
387,0.210626,low,0.274023,0.015556,False,True,False,False,False,False,0.0,0.0,1.3994,55.883,1,-0.6941,-0.7904,-0.5575
19,0.209947,low,0.273418,0.015088,False,False,False,False,False,False,3.0255,0.0,0.2268,61.656,88,-0.9417,-1.4684,-0.6295
451,0.207153,low,0.272351,0.011031,False,True,False,False,False,False,0.0,0.0,0.9428,79.9156,1,0.1737,1.1682,-0.3428
97,0.206711,low,0.263451,0.023486,False,True,False,False,False,False,3.2684,0.0,-1.3019,44.4161,95,0.5641,1.3206,-0.2529
353,0.206446,low,0.275287,0.005194,False,True,False,False,False,False,0.0,0.0,0.0471,55.0901,1,-0.0664,-0.0196,-0.1247
200,0.205955,low,0.271418,0.010003,False,True,False,False,False,False,0.0,0.0,-0.9053,43.5185,1,-0.3518,-1.3217,-0.763
26,0.205715,low,0.268786,0.013466,False,True,False,False,False,False,0.0,0.0,0.9807,62.5009,1,-1.0426,-0.9739,-0.8502
198,0.205445,low,0.275489,0.002864,False,True,False,True,False,False,3.5883,0.0,-0.1677,48.4798,105,-0.6531,0.859,-0.6507
164,0.205153,low,0.26976,0.010866,False,False,False,False,False,False,3.6522,0.0,0.0345,38.7489,106,-0.4444,-0.5194,-0.4161
330,0.204949,low,0.273988,0.004111,False,True,False,True,False,False,3.3492,0.0,0.712,48.3937,100,0.6819,-1.1929,0.5718
364,0.204377,low,0.268585,0.011057,False,True,False,False,False,False,3.6226,0.0,0.7039,63.9694,108,-1.2906,-0.1997,-0.8631
174,0.204163,low,0.265292,0.015564,False,True,False,False,False,False,0.0,0.0,1.1084,52.2589,1,0.7701,-1.5951,-0.5292
29,0.203833,low,0.265482,0.01461,False,True,False,False,False,False,3.3303,0.0,0.1271,54.847,100,-1.1172,0.7576,-0.6768
390,0.203741,low,0.272556,0.003812,False,True,False,False,False,False,3.5995,0.0,-0.8567,60.1933,107,-0.629,-0.7204,-0.5185
257,0.203474,low,0.2651,0.014456,False,True,False,False,False,False,3.0565,0.0,1.2725,110.6185,90,-1.0549,0.9283,-0.6621
492,0.203148,low,0.26677,0.01129,False,True,False,False,False,False,0.0,0.0,-0.5027,50.2871,1,-1.0007,0.7339,-0.6906
154,0.202812,low,0.26294,0.016355,False,True,False,False,False,False,0.0,0.0,1.3642,49.4912,1,-0.3598,-0.0058,-0.8696
192,0.20205,low,0.260359,0.018683,False,True,False,False,False,False,0.0,0.0,0.3192,63.3642,1,-1.0281,-1.4438,-0.7311
411,0.20151,low,0.26476,0.010987,False,True,False,False,False,False,3.2968,0.0,1.2847,47.9106,99,0.5318,-0.0089,1.7626
120,0.20136,low,0.263728,0.012231,False,True,False,False,False,False,3.2788,0.0,0.5488,64.0577,99,0.8807,-1.4887,1.8142
83,0.200862,low,0.257688,0.020283,False,True,False,False,False,False,0.0,0.0,-0.7818,49.5073,1,-0.8674,-0.7328,-0.594
464,0.200391,low,0.260272,0.015454,False,True,False,False,False,False,3.6516,0.0,0.4267,50.9468,109,-0.7123,0.2549,-0.6699
465,0.199949,low,0.262143,0.011751,False,True,False,False,False,False,3.1281,0.0,-0.569,48.5275,94,-0.834,1.6864,-0.1938
125,0.199781,low,0.258354,0.017095,False,False,False,False,False,False,3.5234,0.0,-1.4722,52.1873,102,0.2176,-0.0112,1.056
225,0.199208,low,0.249364,0.029419,False,True,False,False,False,False,3.3556,0.0,1.0715,44.7466,101,-1.0892,0.4954,-0.7631
80,0.198373,low,0.25449,0.02004,False,False,False,False,False,False,3.449,0.0,-0.6681,40.0693,101,-0.6407,1.7492,-0.3814
356,0.198,low,0.258105,0.013862,False,True,False,False,False,False,0.0,0.0,0.8283,59.5374,1,-0.6682,-0.4136,-0.5114
162,0.19789,low,0.259957,0.01086,False,True,False,False,False,False,3.677,0.0,-0.7639,50.9638,109,-0.3872,-0.23,-0.8269
237,0.197037,low,0.262278,0.005651,False,True,False,False,False,False,0.0,0.0,-0.4932,44.6562,1,-0.6254,-0.5196,-0.719
219,0.196391,low,0.258312,0.010292,False,True,False,False,False,False,3.0809,0.0,0.4555,47.1157,92,0.1201,1.3611,0.6495
116,0.196073,low,0.258988,0.008634,False,True,False,False,False,False,0.0,0.0,0.8278,70.0034,1,-0.7713,0.2125,-0.7871
141,0.195937,low,0.253339,0.016833,False,False,False,False,False,False,3.1638,0.0,1.1919,48.3285,94,-1.1255,-0.2483,-0.7302
459,0.195757,low,0.255356,0.013441,False,False,False,False,False,False,3.3575,0.0,1.0029,53.6302,99,-0.689,1.2969,-0.4451
428,0.195514,low,0.248817,0.022758,False,True,False,False,False,False,3.3876,0.0,0.87,45.7733,101,1.4878,1.1279,-0.6383
393,0.195326,low,0.256366,0.011055,False,True,False,False,False,False,0.0,0.0,-0.9027,48.1529,1,0.7341,-1.426,0.3997
236,0.194722,low,0.24672,0.024299,False,True,False,False,False,False,3.3486,0.0,-0.0216,55.3185,101,3.1904,0.6162,0.8923
93,0.194692,low,0.253931,0.013423,False,True,False,True,False,False,3.7665,0.0,-0.879,55.2832,113,-0.5252,-1.6389,-0.2925
416,0.194108,low,0.250552,0.017308,False,False,False,False,False,False,3.743,0.0,1.4921,61.9104,107,0.0385,0.7822,-0.8101
293,0.192116,low,0.24746,0.017912,False,True,False,False,False,False,3.9054,0.0,-0.8017,56.9015,115,-0.8224,0.6781,-0.5976
392,0.191476,low,0.251373,0.010746,False,True,False,False,False,False,0.0,0.0,-0.0763,61.8024,1,-0.5899,1.0815,-0.7936
268,0.191046,low,0.246233,0.017586,False,True,False,False,False,False,2.8512,0.0,0.4768,54.418,86,-1.1344,0.1716,-1.0591
222,0.190348,low,0.246169,0.016268,False,True,False,False,False,False,0.0,0.0,0.9629,60.1075,1,-0.6943,0.6241,-0.4708
123,0.190346,low,0.251596,0.008123,False,True,False,False,False,False,3.0943,0.0,-0.8923,52.4704,93,-0.8108,0.9832,-0.6098
37,0.188901,low,0.241522,0.020308,False,False,False,False,False,False,3.4107,0.0,1.8614,42.4872,101,-0.9872,1.0599,-0.5272
191,0.184608,low,0.243233,0.009045,False,True,False,False,False,False,3.4894,0.0,0.4721,48.3259,104,-0.4725,-1.8429,-0.5466
306,0.184382,low,0.241207,0.011627,False,False,False,False,False,False,3.6486,0.0,0.9371,64.6465,107,0.0958,0.4177,-0.0215
374,0.182748,low,0.234256,0.018745,False,True,False,False,False,False,3.4746,0.0,0.9853,55.5441,103,0.0818,0.4022,-0.3322
186,0.182658,low,0.239965,0.009999,False,True,False,False,False,False,0.0,0.0,0.1863,45.896,1,-1.1432,-0.4125,-0.5708
434,0.181855,low,0.239264,0.009424,False,True,False,False,False,False,0.0,0.0,-0.9678,54.013,1,-0.6381,1.3304,-0.5326
129,0.181021,low,0.23505,0.014056,False,True,False,False,False,False,3.6123,0.0,-1.5737,47.6002,105,-0.0315,-0.7031,0.4894
202,0.179149,low,0.230524,0.017052,False,True,False,False,False,False,0.0,0.0,-1.0471,46.4075,1,-0.8971,0.6124,-0.7082
351,0.17862,low,0.231652,0.014289,False,True,False,False,False,False,2.751,0.0,-1.769,39.6405,81,-0.7043,0.2707,-0.4635
150,0.178599,low,0.232957,0.01229,False,True,False,False,False,False,3.1119,0.0,1.7763,74.9949,94,-0.7062,-0.9598,-0.5668
266,0.17775,low,0.231375,0.012943,False,True,False,False,False,False,3.5801,0.0,-0.8254,49.6283,106,0.1385,0.6467,-0.4405
170,0.177647,low,0.236938,0.00439,False,True,False,False,False,False,2.8076,0.0,-0.1728,48.6008,83,0.2086,0.3202,0.42
331,0.177175,low,0.235982,0.004868,False,True,False,True,False,False,3.4156,0.0,0.5881,53.6467,101,-0.6809,1.4194,-0.2712
372,0.176779,low,0.231837,0.010284,False,True,False,False,False,False,2.889,0.0,0.5704,59.9382,86,-0.9127,-0.8812,-0.3211
417,0.176738,low,0.225857,0.01917,False,True,False,False,False,False,3.0987,0.0,1.2647,62.5312,91,1.3267,0.2909,1.849
208,0.176307,low,0.233953,0.006153,False,True,False,False,False,False,0.0,0.0,0.3645,45.2789,1,-0.401,-0.3396,-0.1824
137,0.174815,low,0.230318,0.008585,False,True,False,False,False,False,0.0,0.0,-0.7899,38.1099,1,-0.4233,0.9593,0.53
25,0.174601,low,0.229438,0.00947,False,True,False,False,False,False,0.0,0.0,0.9408,48.7594,1,-0.2596,-0.0547,-0.6773
38,0.174385,low,0.229393,0.009101,False,True,False,False,False,False,0.0,0.0,-0.5784,50.0743,1,-0.893,0.4412,-0.6477
81,0.172979,low,0.230064,0.005246,False,True,False,True,False,False,3.2038,0.0,0.1475,46.6073,97,-0.9346,-0.669,-0.5738
206,0.172749,low,0.22767,0.008371,False,True,False,False,False,False,3.3868,0.0,1.8104,51.0704,100,0.118,-0.6277,-0.2459
292,0.172326,low,0.227348,0.007998,False,True,False,False,False,False,0.0,0.0,0.4802,43.6053,1,-0.1639,-0.2738,-0.2242
442,0.170988,low,0.225633,0.007861,False,True,False,False,False,False,3.2275,0.0,0.1793,50.5839,95,-0.669,-1.4733,-0.5499
133,0.170752,low,0.225598,0.007436,False,True,False,False,False,False,0.0,0.0,0.868,52.7651,1,0.0204,-0.6399,-0.2231
476,0.170204,low,0.222314,0.011252,False,True,False,False,False,False,0.0,0.0,0.7784,49.2029,1,-0.7721,-1.6057,-0.5474
68,0.169865,low,0.222918,0.009659,False,True,False,False,False,False,3.4453,0.0,0.6622,43.6323,102,-0.6984,0.474,-0.6535
106,0.169703,low,0.222684,0.009681,False,True,False,False,False,False,0.0,0.0,0.8323,50.4233,1,-0.7194,1.0061,-0.325
135,0.168827,low,0.218001,0.014932,False,True,False,False,False,False,0.0,0.0,0.9547,38.0422,1,-0.4826,-0.8941,-0.8152
36,0.167903,low,0.217355,0.014029,False,True,False,True,False,False,3.4985,0.0,-1.4893,39.3576,102,0.2028,1.3301,-0.8007
73,0.167159,low,0.221758,0.005919,False,True,False,False,False,False,3.8634,0.0,1.2045,57.1228,112,-0.331,-0.0545,0.2656
295,0.166237,low,0.217103,0.011034,False,True,False,False,False,False,3.5489,0.0,1.3962,48.7176,104,-0.7485,0.1978,-0.8527
397,0.166174,low,0.210712,0.020492,False,True,False,False,False,False,3.0138,0.0,0.9716,47.2525,90,0.749,-1.5217,1.7155
309,0.166068,low,0.220455,0.005663,False,True,False,False,False,False,3.7055,0.0,1.1633,43.7905,110,-0.4118,-0.2452,-0.5952
300,0.16575,low,0.220416,0.005077,False,True,False,False,False,False,0.0,0.0,-0.0672,63.0018,1,-0.4751,0.4115,-0.5298
248,0.165603,low,0.217314,0.009432,False,True,False,False,False,False,3.2991,0.0,0.448,44.0967,98,-0.6866,-0.9121,-0.4207
17,0.164941,low,0.212237,0.015707,False,True,False,False,False,False,2.9765,0.0,1.0654,127.2786,90,-0.3194,1.2538,-0.5708
378,0.164564,low,0.218276,0.005885,False,True,False,False,False,False,2.9881,0.0,-0.5139,67.5219,88,-0.7431,-0.3215,-0.4514
221,0.164519,low,0.214165,0.011961,False,True,False,False,False,False,3.5092,0.0,1.5029,41.5578,103,0.122,1.7924,0.1701
254,0.163925,low,0.214733,0.009905,False,True,False,False,False,False,0.0,0.0,-0.6379,48.4084,1,0.9456,0.2283,-0.5729
316,0.163524,low,0.213042,0.011629,False,True,False,False,False,False,3.646,0.0,0.9358,54.7342,108,-0.9943,-1.2047,-0.6878
102,0.161923,low,0.214205,0.006642,False,True,False,False,False,False,3.4355,0.0,0.5017,49.1711,102,-0.8936,1.4562,-0.5201
472,0.161831,low,0.210953,0.011335,False,True,False,False,False,False,2.9858,0.0,-1.0563,39.2422,87,-0.106,-1.29,-0.4995
345,0.161429,low,0.213765,0.006302,False,True,False,True,False,False,3.5023,0.0,-0.645,57.89,103,-0.6141,1.0293,0.013
182,0.161144,low,0.213436,0.006218,False,True,False,False,False,False,0.0,0.0,1.0322,42.7779,1,-0.7797,-0.1321,-0.3903
128,0.160963,low,0.209638,0.01155,False,True,False,False,False,False,3.3799,0.0,0.1555,48.4004,101,0.4923,0.3413,-0.8576
27,0.15978,low,0.209805,0.008903,False,True,False,False,False,False,0.0,0.0,0.2851,40.744,1,-0.1606,-1.3549,-0.1663
498,0.159634,low,0.211521,0.006032,False,True,False,True,False,False,3.4275,0.0,-0.3135,44.145,103,-0.6,-1.2237,0.2413
289,0.157086,low,0.205238,0.010296,False,True,False,False,False,False,3.9228,0.0,0.0122,55.2773,116,-0.742,0.349,-0.5753
488,0.156957,low,0.207175,0.007129,False,True,False,False,False,False,3.1054,0.0,-0.4368,50.1712,93,0.068,-1.602,-0.4142
449,0.156891,low,0.208699,0.00471,False,True,False,False,False,False,3.1342,0.0,-0.0837,64.4293,94,-0.2517,-1.4242,-0.9065
320,0.156702,low,0.205205,0.009568,False,True,False,False,False,False,3.3397,0.0,1.5063,52.5927,101,-0.7539,1.4705,-0.7622
71,0.156122,low,0.198473,0.018492,False,True,False,False,False,False,3.1794,0.0,1.341,47.4542,93,2.066,0.3512,-0.498
18,0.154676,low,0.199063,0.014678,False,True,False,False,False,False,3.4795,0.0,-0.081,137.5769,104,-0.5356,-0.1848,-0.675
470,0.154533,low,0.194826,0.020744,False,True,False,False,False,False,3.6071,0.0,-0.541,32.8266,106,-0.0769,-0.887,2.068
88,0.154387,low,0.200438,0.012031,False,True,False,False,False,False,3.0292,0.0,0.7087,43.4506,91,-0.862,0.4028,-0.7255
415,0.152867,low,0.194637,0.017653,False,True,False,False,False,False,3.4087,0.0,-0.0382,106.1062,101,0.1016,1.153,1.8401
213,0.152646,low,0.199486,0.009932,False,True,False,False,False,False,2.9377,0.0,1.4673,47.7424,88,-0.7471,-0.4769,-0.4926
456,0.152575,low,0.196628,0.014076,False,True,False,False,False,False,3.0718,0.0,1.6598,37.3303,91,-1.2356,0.9761,-0.9599
367,0.152428,low,0.199572,0.009361,False,True,False,False,False,False,3.1442,0.0,0.9741,54.8284,93,0.3488,-1.2259,-0.2184
50,0.151488,low,0.197732,0.010217,False,True,False,False,False,False,3.437,0.0,1.1002,44.5478,102,-0.0959,0.8544,-0.3342
395,0.150909,low,0.198939,0.007235,False,True,False,False,False,False,3.0281,0.0,0.4724,47.1075,90,-0.439,0.1992,1.1482
455,0.148628,low,0.195669,0.00752,False,True,False,False,False,False,0.0,0.0,-0.0692,49.625,1,0.101,-0.5955,0.3707
384,0.147698,low,0.187631,0.017694,False,True,False,False,False,False,0.0,0.0,-0.3469,53.9931,1,-0.7417,-1.5622,-0.5684
90,0.144993,low,0.187925,0.011773,False,True,False,False,False,False,3.7418,0.0,0.1458,50.0299,112,-0.7105,0.9687,-0.5938
82,0.144544,low,0.190096,0.007607,False,True,False,False,False,False,3.1876,0.0,0.4926,49.8777,95,0.1146,1.1237,1.7226
265,0.143458,low,0.190708,0.00449,False,True,False,False,False,False,3.5746,0.0,0.6136,40.7213,107,-0.2502,-0.6518,-0.2225
14,0.143215,low,0.186071,0.010954,False,True,False,False,False,False,0.0,0.0,0.4033,40.8566,1,-1.0344,-0.1837,-0.725
436,0.142993,low,0.188697,0.006565,False,True,False,False,False,False,0.0,0.0,-0.2121,54.7531,1,-0.2236,0.7275,-0.2949
405,0.141482,low,0.183283,0.011625,False,True,False,False,False,False,2.8265,0.0,-0.132,42.8158,85,-0.9209,0.4872,-0.7993
414,0.141155,low,0.184428,0.009245,False,True,False,False,False,False,3.2945,0.0,-0.7397,63.9512,99,0.4171,1.6547,-0.5703
75,0.140009,low,0.18334,0.008556,False,True,False,False,False,False,3.0263,0.0,-0.0419,59.9153,91,0.3158,-0.5262,1.1236
240,0.139615,low,0.183829,0.007025,False,True,False,False,False,False,2.9738,0.0,-0.0052,43.7322,87,-0.3092,-1.7424,-0.1167
185,0.139583,low,0.17952,0.013425,False,True,False,False,False,False,0.0,0.0,0.7238,39.1449,1,1.7492,-1.0099,-0.4214
485,0.139558,low,0.178186,0.015374,False,True,False,False,False,False,3.0253,0.0,0.2511,24.7461,91,-0.8678,-1.0353,-0.4554
481,0.137938,low,0.180977,0.007906,False,True,False,False,False,False,3.167,0.0,0.9711,49.6951,95,-0.6267,1.3933,0.0872
479,0.137892,low,0.184305,0.002822,False,True,False,False,False,False,3.5758,0.0,-0.3704,61.7408,107,-0.3494,0.7631,0.1449
138,0.136676,low,0.178563,0.008971,False,True,False,False,False,False,3.6001,0.0,-0.6571,58.0211,107,-0.6319,-0.4065,-0.5664
122,0.136343,low,0.176679,0.011124,False,True,False,False,False,False,3.8275,0.0,-0.2126,54.1305,115,-0.0668,-1.2843,0.9294
210,0.136232,low,0.178057,0.008831,False,True,False,False,False,False,3.5857,0.0,0.4821,54.3638,107,-0.8834,-0.0046,-0.9363
283,0.135549,low,0.178388,0.006951,False,True,False,False,False,False,3.0801,0.0,0.3782,44.094,92,-1.0818,1.0821,-0.6067
199,0.134931,low,0.179044,0.004716,False,True,False,False,False,False,3.1692,0.0,0.3803,48.7679,94,-0.9564,0.3611,-0.7484
205,0.134498,low,0.178591,0.004519,False,True,False,False,False,False,2.9539,0.0,0.7188,43.9331,88,-0.4946,-1.0292,-0.2026
60,0.131614,low,0.172928,0.007172,False,True,False,False,False,False,0.0,0.0,0.2721,66.9744,1,0.2389,0.1275,-0.7036
157,0.131252,low,0.163701,0.02028,False,True,False,False,False,False,3.3537,0.0,0.5749,40.105,100,-0.964,-0.3481,-0.7017
8,0.129713,low,0.167921,0.010832,False,True,False,False,False,False,3.6075,0.0,0.7756,57.0518,108,-0.4653,-1.0966,-0.7218
383,0.129064,low,0.167056,0.010816,False,True,False,False,False,False,3.4822,0.0,-1.8033,53.2856,103,-0.4104,-0.999,-0.6895
238,0.128397,low,0.164965,0.012601,False,True,False,False,False,False,3.3745,0.0,-1.2715,75.3239,102,0.5797,-0.0418,1.6739
280,0.125747,low,0.163338,0.009674,False,True,False,False,False,False,3.0481,0.0,0.0308,65.5581,91,-0.1215,-0.5261,-0.9504
272,0.125171,low,0.162121,0.010333,False,True,False,False,False,False,0.0,0.0,-0.0144,50.2323,1,-0.4408,-1.5119,0.1294
445,0.123274,low,0.159173,0.010913,False,False,False,False,False,False,3.4011,0.0,0.4234,42.6747,99,-0.4471,-0.1788,-0.6648
114,0.123101,low,0.158545,0.011504,False,True,False,False,False,False,3.6608,0.0,0.2814,49.2792,107,0.427,-1.2121,1.2857
460,0.121116,low,0.15936,0.006261,False,True,False,False,False,False,3.6764,0.0,-0.8495,47.73,110,0.4273,0.1636,0.2305
159,0.119711,low,0.157051,0.006879,False,True,False,False,False,False,3.2116,0.0,1.1,45.8767,97,0.952,0.8238,0.0201
194,0.119566,low,0.152831,0.012917,False,True,False,False,False,False,3.425,0.0,-0.2327,50.1348,103,-0.3602,-1.692,-0.1347
148,0.117965,low,0.15489,0.006585,False,True,False,False,False,False,3.3318,0.0,-0.4954,49.5862,98,-0.4093,-1.015,-0.2036
184,0.117021,low,0.152112,0.00884,False,True,False,False,False,False,3.2724,0.0,-1.6746,51.3686,95,0.224,-1.3658,-0.0454
422,0.116464,low,0.147823,0.014146,False,True,False,False,False,False,3.527,0.0,-1.7566,56.4366,104,0.23,-0.6468,-0.592
271,0.116255,low,0.150392,0.009869,False,True,False,False,False,False,3.1633,0.0,-0.1856,53.4232,95,-0.8805,-1.2976,-0.5016
23,0.116159,low,0.150827,0.009021,False,True,False,False,False,False,3.279,0.0,0.9983,55.4751,99,-0.4561,1.2658,-0.2719
105,0.115326,low,0.147617,0.012149,False,True,False,False,False,False,3.7123,0.0,-0.5268,54.5862,110,-1.1108,-0.9143,-0.7369
407,0.114458,low,0.151184,0.005042,False,True,False,False,False,False,2.8949,0.0,0.8484,48.1783,85,-0.519,-0.7241,-0.121
39,0.114436,low,0.143792,0.016085,False,True,False,False,False,False,3.5223,0.0,0.5874,45.067,104,1.9494,-0.7695,-0.437
319,0.114071,low,0.149356,0.006999,False,True,False,False,False,False,2.9115,0.0,-0.2364,51.235,86,-1.0182,1.5299,-0.4636
108,0.114057,low,0.150084,0.005879,False,True,False,False,False,False,3.5233,0.0,0.5196,56.7613,103,-0.2048,1.1877,1.2334
229,0.11088,low,0.14269,0.010535,False,True,False,False,False,False,3.5936,0.0,-1.0721,47.9091,106,-0.5718,0.1976,-0.5201
76,0.11071,low,0.14603,0.005182,False,True,False,False,False,False,3.2136,0.0,-0.1965,47.9315,96,0.4479,-0.1564,-0.4779
467,0.109802,low,0.144283,0.005963,False,True,False,False,False,False,3.5609,0.0,0.7661,64.874,106,0.3407,-0.8913,-0.7386
444,0.109727,low,0.139262,0.013343,False,True,False,False,False,False,3.3493,0.0,-0.4469,42.3972,95,0.1523,-1.8188,-0.585
217,0.108971,low,0.146392,0.001116,False,True,False,False,False,False,3.3589,0.0,0.3034,62.9562,98,-0.6129,-0.7328,-0.2785
354,0.108515,low,0.145532,0.001482,False,True,False,False,False,False,2.9987,0.0,0.0214,57.0163,90,0.1609,0.6315,0.2366
468,0.107073,low,0.141195,0.005067,False,True,False,False,False,False,3.1508,0.0,0.0599,63.2453,93,1.6267,-0.5827,-0.5369
130,0.106532,low,0.134179,0.014496,False,True,False,False,False,False,3.4842,0.0,-1.5938,45.5667,101,-0.8454,-1.5274,-0.6722
337,0.105023,low,0.137481,0.006486,False,True,False,False,False,False,3.174,0.0,0.6317,68.1535,95,-0.6537,-0.5583,-0.554
77,0.104874,low,0.137352,0.006378,False,True,False,False,False,False,3.3619,0.0,0.93,51.2316,101,-0.1194,-1.0228,-0.006
211,0.101202,low,0.132664,0.005973,False,True,False,False,False,False,3.6493,0.0,-0.4533,50.6234,109,-0.539,1.0504,-0.4857
394,0.100855,low,0.129741,0.009654,False,True,False,False,False,False,3.6439,0.0,-0.4449,49.5172,108,-0.6532,1.1991,-0.6838
42,0.100693,low,0.133294,0.003998,False,True,False,False,False,False,3.4023,0.0,0.1607,55.3823,101,0.467,0.7741,0.221
290,0.100288,low,0.132499,0.004369,False,True,False,False,False,False,3.4028,0.0,-0.8412,54.2179,98,-0.1093,1.1297,-0.2245
350,0.100031,low,0.126867,0.012297,False,True,False,False,False,False,3.2771,0.0,-1.0707,47.3375,98,-0.4744,-1.392,-0.7666
469,0.099821,low,0.127076,0.011559,False,True,False,False,False,False,3.8565,0.0,-0.6597,46.8306,113,-0.9912,0.913,-0.6344
172,0.098455,low,0.123702,0.013852,False,True,False,False,False,False,3.169,0.0,0.9646,39.9062,94,-0.9064,-0.4777,-0.7983
421,0.097794,low,0.130204,0.002761,False,True,False,False,False,False,3.5409,0.0,-0.1161,54.3611,106,-0.8268,0.0,-0.5702
443,0.096703,low,0.126448,0.006185,False,True,False,False,False,False,3.1852,0.0,1.2229,52.6186,95,0.5909,-0.6639,0.5262
49,0.095852,low,0.123029,0.00959,False,True,False,False,False,False,3.5395,0.0,0.2236,50.9107,106,0.8037,-0.2177,-0.1063
478,0.095254,low,0.123248,0.00805,False,True,False,False,False,False,0.0,0.0,-0.2738,44.6799,1,-0.46,-0.5869,-0.8861
379,0.094923,low,0.122767,0.008102,False,True,False,False,False,False,3.4244,0.0,-0.1471,52.9985,102,1.2578,1.4837,-0.6604
33,0.09198,low,0.119863,0.006496,False,True,False,False,False,False,3.1709,0.0,0.6739,58.1751,95,-0.7594,1.2507,-0.4979
136,0.089216,low,0.118655,0.002711,False,True,False,False,False,False,3.0383,0.0,-1.0287,53.98,91,0.8691,-0.0004,-0.0784
317,0.084501,low,0.11308,0.001523,False,True,False,False,False,False,3.4537,0.0,-0.1109,45.8564,103,-0.5264,-0.1982,-0.2474
495,0.08113,low,0.107449,0.003143,False,True,False,False,False,False,3.1686,0.0,0.3303,52.137,94,-0.4763,-1.4267,-0.216
489,0.080404,low,0.103815,0.007123,False,True,False,False,False,False,3.3237,0.0,-0.6571,50.5843,99,-0.5832,-1.3796,-0.4423
241,0.07921,low,0.101211,0.008611,False,True,False,False,False,False,2.9963,0.0,0.3605,48.4158,89,-0.5961,1.0329,-0.5404
220,0.077518,low,0.103065,0.002403,False,True,False,False,False,False,3.4701,0.0,0.2267,50.0055,104,-0.6473,1.151,-0.8299
457,0.076754,low,0.101874,0.002643,False,True,False,False,False,False,3.5418,0.0,-0.7415,41.7522,106,-0.0436,-0.8208,-0.3636
190,0.075734,low,0.093968,0.012435,False,True,False,False,False,False,3.4879,0.0,0.9811,43.3868,104,-0.8441,-0.9254,-0.2658
376,0.074871,low,0.095363,0.008595,False,True,False,False,False,False,3.4326,0.0,-1.4507,53.7933,101,-0.8405,1.0142,-0.5774
363,0.062514,low,0.082395,0.00302,False,True,False,False,False,False,3.2985,0.0,-0.4886,56.1753,98,0.3519,0.6297,-0.6023
13,0.057804,low,0.075496,0.003829,False,True,False,False,False,False,3.4923,0.0,1.2749,53.2177,104,-0.0353,-0.5445,-0.6045
230,0.057481,low,0.077262,0.000527,False,True,False,False,False,False,3.0167,0.0,-0.0379,56.7517,91,-0.2603,0.7882,-0.7149
334,0.050921,low,0.064609,0.00622,False,True,False,False,False,False,3.2043,0.0,0.1296,49.1867,96,0.2465,1.0882,-0.2734
124,0.041514,low,0.053687,0.003549,False,True,False,False,False,False,3.4504,0.0,-0.5637,49.7451,101,-0.1256,-1.5774,-0.0312
153,0.040333,low,0.053378,0.001622,False,True,False,False,False,False,3.2541,0.0,-0.3188,95.7105,97,0.1192,-0.3231,0.4439
144,0.038833,low,0.047957,0.006714,False,True,False,False,False,False,3.283,0.0,-1.0081,47.268,98,-0.8661,-0.0259,-0.6812
338,0.035926,low,0.044106,0.006603,False,True,False,False,False,False,3.3613,0.0,1.0779,50.1263,101,-0.2782,1.2054,0.3797
62,0.027562,low,0.032936,0.006418,False,True,False,False,False,False,3.1843,0.0,0.1614,47.2464,96,-0.4746,-0.9689,-0.7419
315,0.026457,low,0.03158,0.006214,False,True,False,False,False,False,3.1836,0.0,-0.0248,61.0748,95,0.4297,-0.6922,0.3492
486,0.014304,low,0.01406,0.007881,False,True,False,False,False,False,3.413,0.0,-0.6945,61.2569,102,0.0166,0.6882,0.0986
41,0.010667,low,0.012293,0.003165,False,True,False,False,False,False,3.3911,0.0,0.2217,52.1526,102,0.3664,-0.8675,0.1681
250,0.0,low,0.0,0.0,False,True,False,False,False,False,3.4051,0.0,-0.2854,56.1815,100,-0.0575,-0.5458,-0.2693
